cloud_bin,kept,dropped,drop_rate_pct
"(-0.001, 0.01]",31304,4791,13.273306552154038
"(0.01, 0.03]",5753,1881,24.639769452449567
"(0.03, 0.05]",5830,2410,29.24757281553398
"(0.05, 0.08]",5648,3214,36.267208305123
"(0.08, 0.101]",3685,1834,33.23065772784925
