density_bin,kept,dropped,drop_rate_pct
"(-0.001, 0.01]",8806,3028,25.587290856853134
"(0.01, 0.05]",3182,1100,25.68893040635217
"(0.05, 0.15]",5544,1890,25.423728813559322
"(0.15, 0.4]",10023,2874,22.28425215166318
"(0.4, 1.001]",21213,4004,15.878177419994449
