metric,kept_n,drop_n,kept_mean,drop_mean,u,p
cloud_cover,52220,14130,0.023470509383378017,0.040468506723283795,476530889.0,0.0
label_density,48768,12896,0.36602906239526667,0.2760449962429935,263325074.5,1.6559337909873964e-178
